{"request":{"itemsToExport":[{"typeName":"AtlasGlossary","uniqueAttributes":{"qualifiedName":"Coco Pharmaceuticals"}}],"options":{},"fetchTypeOptionValue":"full","skipLineageOptionValue":false,"changeTokenFromOptions":0},"userName":"admin","clientIpAddress":"192.168.65.3","hostName":"10.1.8.51","timeStamp":1562076959867,"metrics":{"duration":1303,"entity:withExtInfo":1,"entity:AtlasGlossaryCategory":23,"entity:AtlasGlossary":1,"entity:AtlasGlossaryTerm":43},"operationStatus":"SUCCESS","sourceClusterName":"default","changeMarker":1561996693024}