{"enumDefs":[{"category":"ENUM","guid":"b599e234-2bbb-4bce-be7e-000cb78272ea","createdBy":"atlas","updatedBy":"atlas","createTime":1561996701631,"updateTime":1561996712421,"version":2,"name":"AtlasGlossaryTermRelationshipStatus","description":"TermRelationshipStatus defines how reliable the relationship is between two glossary terms","typeVersion":"1.1","serviceType":"atlas_core","elementDefs":[{"value":"DRAFT","description":"DRAFT means the relationship is under development.","ordinal":0},{"value":"ACTIVE","description":"ACTIVE means the relationship is validated and in use.","ordinal":1},{"value":"DEPRECATED","description":"DEPRECATED means the the relationship is being phased out.","ordinal":2},{"value":"OBSOLETE","description":"OBSOLETE means that the relationship should not be used anymore.","ordinal":3},{"value":"OTHER","description":"OTHER means that there is another status.","ordinal":99}]},{"category":"ENUM","guid":"71187df6-ef66-4f88-bc03-cd3c7f925165","createdBy":"admin","updatedBy":"admin","createTime":1561996782627,"updateTime":1561996782642,"version":1,"name":"AnnotationStatus","description":"Defines the status of an annotation.","typeVersion":"1.0","serviceType":"omrs","elementDefs":[{"value":"New","description":"The annotation is new.","ordinal":0},{"value":"Reviewed","description":"The annotation has been reviewed by a steward.","ordinal":1},{"value":"Approved","description":"The annotation has been approved.","ordinal":2},{"value":"Actioned","description":"The request has been actioned.","ordinal":3},{"value":"Invalid","description":"The annotation is invalid or incorrect.","ordinal":4},{"value":"Ignore","description":"The annotation should be ignored.","ordinal":5},{"value":"Other","description":"Another status.","ordinal":99}]},{"category":"ENUM","guid":"cc540586-ac7c-41ba-8cc1-4da694a6a8e4","createdBy":"admin","updatedBy":"admin","createTime":1561996778616,"updateTime":1561996778626,"version":1,"name":"GovernanceClassificationStatus","description":"Defines the status values of a governance action classification.","typeVersion":"1.0","serviceType":"omrs","elementDefs":[{"value":"Discovered","description":"The classification assignment was discovered by an automated process.","ordinal":0},{"value":"Proposed","description":"The classification assignment was proposed by a subject matter expert.","ordinal":1},{"value":"Imported","description":"The classification assignment was imported from another metadata system.","ordinal":2},{"value":"Validated","description":"The classification assignment has been validated and approved by a subject matter expert.","ordinal":3},{"value":"Deprecated","description":"The classification assignment should no longer be used.","ordinal":4},{"value":"Obsolete","description":"The classification assignment must no longer be used.","ordinal":5},{"value":"Other","description":"Another classification assignment status.","ordinal":99}]}],"structDefs":[],"classificationDefs":[{"category":"CLASSIFICATION","guid":"742ddb7d-9a4a-4eb5-8ac2-1d69953bd2b6","createdBy":"admin","updatedBy":"admin","createTime":1516313040008,"updateTime":1561996789356,"version":1,"name":"Confidentiality","description":"Defines the level of confidentiality of related data items.","typeVersion":"1.0","serviceType":"omrs","attributeDefs":[{"name":"status","typeName":"GovernanceClassificationStatus","isOptional":true,"cardinality":"SINGLE","valuesMinCount":0,"valuesMaxCount":1,"isUnique":false,"isIndexable":true,"includeInNotification":true,"description":"Status of this classification."},{"name":"confidence","typeName":"int","isOptional":true,"cardinality":"SINGLE","valuesMinCount":0,"valuesMaxCount":1,"isUnique":false,"isIndexable":true,"includeInNotification":true,"description":"Level of confidence in the classification (0=none -> 100=excellent)."},{"name":"steward","typeName":"string","isOptional":true,"cardinality":"SINGLE","valuesMinCount":0,"valuesMaxCount":1,"isUnique":false,"isIndexable":true,"includeInNotification":true,"description":"Person responsible for maintaining this classification."},{"name":"source","typeName":"string","isOptional":true,"cardinality":"SINGLE","valuesMinCount":0,"valuesMaxCount":1,"isUnique":false,"isIndexable":true,"includeInNotification":true,"description":"Source of the classification."},{"name":"notes","typeName":"string","isOptional":true,"cardinality":"SINGLE","valuesMinCount":0,"valuesMaxCount":1,"isUnique":false,"isIndexable":true,"includeInNotification":true,"description":"Information relating to the classification."},{"name":"level","typeName":"int","isOptional":true,"cardinality":"SINGLE","valuesMinCount":0,"valuesMaxCount":1,"isUnique":false,"isIndexable":true,"includeInNotification":true,"description":"Level of confidentiality."}],"superTypes":[],"entityTypes":["Referenceable"],"subTypes":[]},{"category":"CLASSIFICATION","guid":"480e6993-35c5-433a-b50b-0f5c4063fb5d","createdBy":"admin","updatedBy":"admin","createTime":1516313040008,"updateTime":1561996785899,"version":1,"name":"SubjectArea","description":"Identifies a glossary category as a subject area.","typeVersion":"1.0","serviceType":"omrs","attributeDefs":[{"name":"name","typeName":"string","isOptional":true,"cardinality":"SINGLE","valuesMinCount":0,"valuesMaxCount":1,"isUnique":false,"isIndexable":true,"includeInNotification":true,"description":"Name of the subject area."}],"superTypes":[],"entityTypes":["AtlasGlossaryCategory"],"subTypes":[]},{"category":"CLASSIFICATION","guid":"a41ee152-de1e-4533-8535-2f8b37897cac","createdBy":"admin","updatedBy":"admin","createTime":1516313040008,"updateTime":1561996788450,"version":1,"name":"SpineObject","description":"Identifies a glossary term that describes a type of spine object.","typeVersion":"1.0","serviceType":"omrs","attributeDefs":[],"superTypes":[],"entityTypes":["AtlasGlossaryTerm"],"subTypes":[]},{"category":"CLASSIFICATION","guid":"ccb749ba-34ec-4f71-8755-4d8b383c34c3","createdBy":"admin","updatedBy":"admin","createTime":1516313040008,"updateTime":1561996788779,"version":1,"name":"SpineAttribute","description":"Identifies a glossary term that describes an attribute of a spine object.","typeVersion":"1.0","serviceType":"omrs","attributeDefs":[],"superTypes":[],"entityTypes":["AtlasGlossaryTerm"],"subTypes":[]}],"entityDefs":[{"category":"ENTITY","guid":"578566fd-d6ab-4ca0-8f59-11659624d9fa","createdBy":"atlas","updatedBy":"admin","createTime":1561996701940,"updateTime":1562073142733,"version":12,"name":"AtlasGlossary","description":"AtlasGlossary","typeVersion":"1.2","serviceType":"atlas_core","attributeDefs":[{"name":"qualifiedName","typeName":"string","isOptional":false,"cardinality":"SINGLE","valuesMinCount":1,"valuesMaxCount":1,"isUnique":true,"isIndexable":true,"includeInNotification":false},{"name":"name","typeName":"string","isOptional":false,"cardinality":"SINGLE","valuesMinCount":1,"valuesMaxCount":1,"isUnique":false,"isIndexable":true,"includeInNotification":false},{"name":"shortDescription","typeName":"string","isOptional":true,"cardinality":"SINGLE","valuesMinCount":0,"valuesMaxCount":1,"isUnique":false,"isIndexable":false,"includeInNotification":false},{"name":"longDescription","typeName":"string","isOptional":true,"cardinality":"SINGLE","valuesMinCount":0,"valuesMaxCount":1,"isUnique":false,"isIndexable":false,"includeInNotification":false},{"name":"language","typeName":"string","isOptional":true,"cardinality":"SINGLE","valuesMinCount":0,"valuesMaxCount":1,"isUnique":false,"isIndexable":false,"includeInNotification":false},{"name":"usage","typeName":"string","isOptional":true,"cardinality":"SINGLE","valuesMinCount":0,"valuesMaxCount":1,"isUnique":false,"isIndexable":false,"includeInNotification":false}],"superTypes":["Referenceable","__internal"],"subTypes":[],"relationshipAttributeDefs":[{"name":"relatedFromObjectAnnotations","typeName":"array<Referenceable>","isOptional":true,"cardinality":"SET","valuesMinCount":-1,"valuesMaxCount":-1,"isUnique":false,"isIndexable":false,"includeInNotification":false,"relationshipTypeName":"RelationshipAnnotation","isLegacyAttribute":false},{"name":"resourceListAnchors","typeName":"array<Referenceable>","isOptional":true,"cardinality":"SET","valuesMinCount":-1,"valuesMaxCount":-1,"isUnique":false,"isIndexable":false,"includeInNotification":false,"relationshipTypeName":"ResourceList","isLegacyAttribute":false},{"name":"terms","typeName":"array<AtlasGlossaryTerm>","isOptional":true,"cardinality":"SET","valuesMinCount":-1,"valuesMaxCount":-1,"isUnique":false,"isIndexable":false,"includeInNotification":false,"constraints":[{"type":"ownedRef"}],"relationshipTypeName":"AtlasGlossaryTermAnchor","isLegacyAttribute":false},{"name":"relatedToObjectAnnotations","typeName":"Referenceable","isOptional":true,"cardinality":"SINGLE","valuesMinCount":-1,"valuesMaxCount":-1,"isUnique":false,"isIndexable":false,"includeInNotification":false,"relationshipTypeName":"RelationshipAnnotation","isLegacyAttribute":false},{"name":"supportingResources","typeName":"array<Referenceable>","isOptional":true,"cardinality":"SET","valuesMinCount":-1,"valuesMaxCount":-1,"isUnique":false,"isIndexable":false,"includeInNotification":false,"relationshipTypeName":"ResourceList","isLegacyAttribute":false},{"name":"categories","typeName":"array<AtlasGlossaryCategory>","isOptional":true,"cardinality":"SET","valuesMinCount":-1,"valuesMaxCount":-1,"isUnique":false,"isIndexable":false,"includeInNotification":false,"constraints":[{"type":"ownedRef"}],"relationshipTypeName":"AtlasGlossaryCategoryAnchor","isLegacyAttribute":false},{"name":"meanings","typeName":"array<AtlasGlossaryTerm>","isOptional":true,"cardinality":"SET","valuesMinCount":-1,"valuesMaxCount":-1,"isUnique":false,"isIndexable":false,"includeInNotification":false,"relationshipTypeName":"AtlasGlossarySemanticAssignment","isLegacyAttribute":false}]},{"category":"ENTITY","guid":"5682af59-3005-4d4c-a2bf-27910c4d8eb2","createdBy":"atlas","updatedBy":"atlas","createTime":1561996697055,"updateTime":1561996710768,"version":2,"name":"AtlasServer","description":"AtlasServer","typeVersion":"1.1","serviceType":"atlas_core","attributeDefs":[{"name":"name","typeName":"string","isOptional":false,"cardinality":"SINGLE","valuesMinCount":1,"valuesMaxCount":1,"isUnique":false,"isIndexable":true,"includeInNotification":false},{"name":"displayName","typeName":"string","isOptional":false,"cardinality":"SINGLE","valuesMinCount":1,"valuesMaxCount":1,"isUnique":false,"isIndexable":true,"includeInNotification":false},{"name":"fullName","typeName":"string","isOptional":false,"cardinality":"SINGLE","valuesMinCount":1,"valuesMaxCount":1,"isUnique":true,"isIndexable":true,"includeInNotification":false},{"name":"urls","typeName":"array<string>","isOptional":true,"cardinality":"SINGLE","valuesMinCount":0,"valuesMaxCount":1,"isUnique":false,"isIndexable":false,"includeInNotification":false},{"name":"additionalInfo","typeName":"map<string,string>","isOptional":true,"cardinality":"SINGLE","valuesMinCount":0,"valuesMaxCount":1,"isUnique":false,"isIndexable":false,"includeInNotification":false}],"superTypes":[],"subTypes":[],"relationshipAttributeDefs":[]},{"category":"ENTITY","guid":"aca548f9-436e-4d6b-91d6-2b6eab0e448a","createdBy":"atlas","updatedBy":"admin","createTime":1561996694375,"updateTime":1562073142729,"version":13,"name":"Referenceable","description":"Referenceable","typeVersion":"1.3","serviceType":"atlas_core","attributeDefs":[{"name":"qualifiedName","typeName":"string","isOptional":false,"cardinality":"SINGLE","valuesMinCount":1,"valuesMaxCount":1,"isUnique":true,"isIndexable":true,"includeInNotification":false},{"name":"additionalProperties","typeName":"map<string,string>","isOptional":true,"cardinality":"SINGLE","valuesMinCount":0,"valuesMaxCount":1,"isUnique":false,"isIndexable":false,"includeInNotification":false},{"name":"replicatedFrom","typeName":"array<AtlasServer>","isOptional":true,"cardinality":"SET","valuesMinCount":0,"valuesMaxCount":2147483647,"isUnique":false,"isIndexable":false,"includeInNotification":false,"options":{"isSoftReference":"true"}},{"name":"replicatedTo","typeName":"array<AtlasServer>","isOptional":true,"cardinality":"SET","valuesMinCount":0,"valuesMaxCount":2147483647,"isUnique":false,"isIndexable":false,"includeInNotification":false,"options":{"isSoftReference":"true"}}],"superTypes":[],"subTypes":["hive_storagedesc","AtlasGlossary","AtlasGlossaryTerm","Asset","AtlasGlossaryCategory"],"relationshipAttributeDefs":[{"name":"relatedFromObjectAnnotations","typeName":"array<Referenceable>","isOptional":true,"cardinality":"SET","valuesMinCount":-1,"valuesMaxCount":-1,"isUnique":false,"isIndexable":false,"includeInNotification":false,"relationshipTypeName":"RelationshipAnnotation","isLegacyAttribute":false},{"name":"resourceListAnchors","typeName":"array<Referenceable>","isOptional":true,"cardinality":"SET","valuesMinCount":-1,"valuesMaxCount":-1,"isUnique":false,"isIndexable":false,"includeInNotification":false,"relationshipTypeName":"ResourceList","isLegacyAttribute":false},{"name":"relatedToObjectAnnotations","typeName":"Referenceable","isOptional":true,"cardinality":"SINGLE","valuesMinCount":-1,"valuesMaxCount":-1,"isUnique":false,"isIndexable":false,"includeInNotification":false,"relationshipTypeName":"RelationshipAnnotation","isLegacyAttribute":false},{"name":"supportingResources","typeName":"array<Referenceable>","isOptional":true,"cardinality":"SET","valuesMinCount":-1,"valuesMaxCount":-1,"isUnique":false,"isIndexable":false,"includeInNotification":false,"relationshipTypeName":"ResourceList","isLegacyAttribute":false},{"name":"meanings","typeName":"array<AtlasGlossaryTerm>","isOptional":true,"cardinality":"SET","valuesMinCount":-1,"valuesMaxCount":-1,"isUnique":false,"isIndexable":false,"includeInNotification":false,"relationshipTypeName":"AtlasGlossarySemanticAssignment","isLegacyAttribute":false}]},{"category":"ENTITY","guid":"e31d4f5c-ce6e-471e-bbe6-d32ba37bbc4a","createdBy":"atlas","updatedBy":"admin","createTime":1561996701981,"updateTime":1562073142741,"version":12,"name":"AtlasGlossaryTerm","description":"AtlasGlossaryTerm","typeVersion":"1.2","serviceType":"atlas_core","attributeDefs":[{"name":"qualifiedName","typeName":"string","isOptional":false,"cardinality":"SINGLE","valuesMinCount":1,"valuesMaxCount":1,"isUnique":true,"isIndexable":true,"includeInNotification":false},{"name":"name","typeName":"string","isOptional":false,"cardinality":"SINGLE","valuesMinCount":1,"valuesMaxCount":1,"isUnique":false,"isIndexable":true,"includeInNotification":false},{"name":"shortDescription","typeName":"string","isOptional":true,"cardinality":"SINGLE","valuesMinCount":0,"valuesMaxCount":1,"isUnique":false,"isIndexable":false,"includeInNotification":false},{"name":"longDescription","typeName":"string","isOptional":true,"cardinality":"SINGLE","valuesMinCount":0,"valuesMaxCount":1,"isUnique":false,"isIndexable":false,"includeInNotification":false},{"name":"examples","typeName":"array<string>","isOptional":true,"cardinality":"SINGLE","valuesMinCount":0,"valuesMaxCount":1,"isUnique":false,"isIndexable":false,"includeInNotification":false},{"name":"abbreviation","typeName":"string","isOptional":true,"cardinality":"SINGLE","valuesMinCount":0,"valuesMaxCount":1,"isUnique":false,"isIndexable":false,"includeInNotification":false},{"name":"usage","typeName":"string","isOptional":true,"cardinality":"SINGLE","valuesMinCount":0,"valuesMaxCount":1,"isUnique":false,"isIndexable":false,"includeInNotification":false}],"superTypes":["Referenceable","__internal"],"subTypes":[],"relationshipAttributeDefs":[{"name":"validValuesFor","typeName":"array<AtlasGlossaryTerm>","isOptional":true,"cardinality":"SET","valuesMinCount":-1,"valuesMaxCount":-1,"isUnique":false,"isIndexable":false,"includeInNotification":false,"relationshipTypeName":"AtlasGlossaryValidValue","isLegacyAttribute":false},{"name":"usedInContexts","typeName":"array<AtlasGlossaryTerm>","isOptional":true,"cardinality":"SET","valuesMinCount":-1,"valuesMaxCount":-1,"isUnique":false,"isIndexable":false,"includeInNotification":false,"relationshipTypeName":"UsedInContext","isLegacyAttribute":false},{"name":"relatedToObjectAnnotations","typeName":"Referenceable","isOptional":true,"cardinality":"SINGLE","valuesMinCount":-1,"valuesMaxCount":-1,"isUnique":false,"isIndexable":false,"includeInNotification":false,"relationshipTypeName":"RelationshipAnnotation","isLegacyAttribute":false},{"name":"objects","typeName":"array<AtlasGlossaryTerm>","isOptional":true,"cardinality":"SET","valuesMinCount":-1,"valuesMaxCount":-1,"isUnique":false,"isIndexable":false,"includeInNotification":false,"relationshipTypeName":"TermHASARelationship","isLegacyAttribute":false},{"name":"validValues","typeName":"array<AtlasGlossaryTerm>","isOptional":true,"cardinality":"SET","valuesMinCount":-1,"valuesMaxCount":-1,"isUnique":false,"isIndexable":false,"includeInNotification":false,"relationshipTypeName":"AtlasGlossaryValidValue","isLegacyAttribute":false},{"name":"seeAlso","typeName":"array<AtlasGlossaryTerm>","isOptional":true,"cardinality":"SET","valuesMinCount":-1,"valuesMaxCount":-1,"isUnique":false,"isIndexable":false,"includeInNotification":false,"relationshipTypeName":"AtlasGlossaryRelatedTerm","isLegacyAttribute":false},{"name":"subtypes","typeName":"array<AtlasGlossaryTerm>","isOptional":true,"cardinality":"SET","valuesMinCount":-1,"valuesMaxCount":-1,"isUnique":false,"isIndexable":false,"includeInNotification":false,"relationshipTypeName":"TermISATypeOFRelationship","isLegacyAttribute":false},{"name":"resourceListAnchors","typeName":"array<Referenceable>","isOptional":true,"cardinality":"SET","valuesMinCount":-1,"valuesMaxCount":-1,"isUnique":false,"isIndexable":false,"includeInNotification":false,"relationshipTypeName":"ResourceList","isLegacyAttribute":false},{"name":"isA","typeName":"array<AtlasGlossaryTerm>","isOptional":true,"cardinality":"SET","valuesMinCount":-1,"valuesMaxCount":-1,"isUnique":false,"isIndexable":false,"includeInNotification":false,"relationshipTypeName":"AtlasGlossaryIsARelationship","isLegacyAttribute":false},{"name":"antonyms","typeName":"array<AtlasGlossaryTerm>","isOptional":true,"cardinality":"SET","valuesMinCount":-1,"valuesMaxCount":-1,"isUnique":false,"isIndexable":false,"includeInNotification":false,"relationshipTypeName":"AtlasGlossaryAntonym","isLegacyAttribute":false},{"name":"assignedEntities","typeName":"array<Referenceable>","isOptional":true,"cardinality":"SET","valuesMinCount":-1,"valuesMaxCount":-1,"isUnique":false,"isIndexable":false,"includeInNotification":false,"relationshipTypeName":"AtlasGlossarySemanticAssignment","isLegacyAttribute":false},{"name":"categories","typeName":"array<AtlasGlossaryCategory>","isOptional":true,"cardinality":"SET","valuesMinCount":-1,"valuesMaxCount":-1,"isUnique":false,"isIndexable":false,"includeInNotification":false,"relationshipTypeName":"AtlasGlossaryTermCategorization","isLegacyAttribute":false},{"name":"classifies","typeName":"array<AtlasGlossaryTerm>","isOptional":true,"cardinality":"SET","valuesMinCount":-1,"valuesMaxCount":-1,"isUnique":false,"isIndexable":false,"includeInNotification":false,"relationshipTypeName":"AtlasGlossaryIsARelationship","isLegacyAttribute":false},{"name":"preferredToTerms","typeName":"array<AtlasGlossaryTerm>","isOptional":true,"cardinality":"SET","valuesMinCount":-1,"valuesMaxCount":-1,"isUnique":false,"isIndexable":false,"includeInNotification":false,"relationshipTypeName":"AtlasGlossaryPreferredTerm","isLegacyAttribute":false},{"name":"preferredTerms","typeName":"array<AtlasGlossaryTerm>","isOptional":true,"cardinality":"SET","valuesMinCount":-1,"valuesMaxCount":-1,"isUnique":false,"isIndexable":false,"includeInNotification":false,"relationshipTypeName":"AtlasGlossaryPreferredTerm","isLegacyAttribute":false},{"name":"supertypes","typeName":"array<AtlasGlossaryTerm>","isOptional":true,"cardinality":"SET","valuesMinCount":-1,"valuesMaxCount":-1,"isUnique":false,"isIndexable":false,"includeInNotification":false,"relationshipTypeName":"TermISATypeOFRelationship","isLegacyAttribute":false},{"name":"translationTerms","typeName":"array<AtlasGlossaryTerm>","isOptional":true,"cardinality":"SET","valuesMinCount":-1,"valuesMaxCount":-1,"isUnique":false,"isIndexable":false,"includeInNotification":false,"relationshipTypeName":"AtlasGlossaryTranslation","isLegacyAttribute":false},{"name":"relatedFromObjectAnnotations","typeName":"array<Referenceable>","isOptional":true,"cardinality":"SET","valuesMinCount":-1,"valuesMaxCount":-1,"isUnique":false,"isIndexable":false,"includeInNotification":false,"relationshipTypeName":"RelationshipAnnotation","isLegacyAttribute":false},{"name":"types","typeName":"array<AtlasGlossaryTerm>","isOptional":true,"cardinality":"SET","valuesMinCount":-1,"valuesMaxCount":-1,"isUnique":false,"isIndexable":false,"includeInNotification":false,"relationshipTypeName":"TermTYPEDBYRelationship","isLegacyAttribute":false},{"name":"synonyms","typeName":"array<AtlasGlossaryTerm>","isOptional":true,"cardinality":"SET","valuesMinCount":-1,"valuesMaxCount":-1,"isUnique":false,"isIndexable":false,"includeInNotification":false,"relationshipTypeName":"AtlasGlossarySynonym","isLegacyAttribute":false},{"name":"replacedBy","typeName":"array<AtlasGlossaryTerm>","isOptional":true,"cardinality":"SET","valuesMinCount":-1,"valuesMaxCount":-1,"isUnique":false,"isIndexable":false,"includeInNotification":false,"relationshipTypeName":"AtlasGlossaryReplacementTerm","isLegacyAttribute":false},{"name":"contextRelevantTerms","typeName":"array<AtlasGlossaryTerm>","isOptional":true,"cardinality":"SET","valuesMinCount":-1,"valuesMaxCount":-1,"isUnique":false,"isIndexable":false,"includeInNotification":false,"relationshipTypeName":"UsedInContext","isLegacyAttribute":false},{"name":"replacementTerms","typeName":"array<AtlasGlossaryTerm>","isOptional":true,"cardinality":"SET","valuesMinCount":-1,"valuesMaxCount":-1,"isUnique":false,"isIndexable":false,"includeInNotification":false,"relationshipTypeName":"AtlasGlossaryReplacementTerm","isLegacyAttribute":false},{"name":"meanings","typeName":"array<AtlasGlossaryTerm>","isOptional":true,"cardinality":"SET","valuesMinCount":-1,"valuesMaxCount":-1,"isUnique":false,"isIndexable":false,"includeInNotification":false,"relationshipTypeName":"AtlasGlossarySemanticAssignment","isLegacyAttribute":false},{"name":"translatedTerms","typeName":"array<AtlasGlossaryTerm>","isOptional":true,"cardinality":"SET","valuesMinCount":-1,"valuesMaxCount":-1,"isUnique":false,"isIndexable":false,"includeInNotification":false,"relationshipTypeName":"AtlasGlossaryTranslation","isLegacyAttribute":false},{"name":"anchor","typeName":"AtlasGlossary","isOptional":false,"cardinality":"SINGLE","valuesMinCount":-1,"valuesMaxCount":-1,"isUnique":false,"isIndexable":false,"includeInNotification":false,"relationshipTypeName":"AtlasGlossaryTermAnchor","isLegacyAttribute":false},{"name":"supportingResources","typeName":"array<Referenceable>","isOptional":true,"cardinality":"SET","valuesMinCount":-1,"valuesMaxCount":-1,"isUnique":false,"isIndexable":false,"includeInNotification":false,"relationshipTypeName":"ResourceList","isLegacyAttribute":false},{"name":"attributes","typeName":"array<AtlasGlossaryTerm>","isOptional":true,"cardinality":"SET","valuesMinCount":-1,"valuesMaxCount":-1,"isUnique":false,"isIndexable":false,"includeInNotification":false,"relationshipTypeName":"TermHASARelationship","isLegacyAttribute":false},{"name":"attributesTypedBy","typeName":"array<AtlasGlossaryTerm>","isOptional":true,"cardinality":"SET","valuesMinCount":-1,"valuesMaxCount":-1,"isUnique":false,"isIndexable":false,"includeInNotification":false,"relationshipTypeName":"TermTYPEDBYRelationship","isLegacyAttribute":false}]},{"category":"ENTITY","guid":"1977884b-458c-4318-998f-741477f715a4","createdBy":"atlas","updatedBy":"atlas","createTime":1561996694864,"updateTime":1561996709187,"version":2,"name":"__internal","description":"__internal","typeVersion":"1.1","serviceType":"atlas_core","attributeDefs":[],"superTypes":[],"subTypes":["AtlasGlossary","__ExportImportAuditEntry","AtlasGlossaryTerm","__AtlasUserSavedSearch","AtlasGlossaryCategory","__AtlasUserProfile"],"relationshipAttributeDefs":[]},{"category":"ENTITY","guid":"3d0b55a7-1b1f-4f92-8810-7887281064b4","createdBy":"atlas","updatedBy":"admin","createTime":1561996702024,"updateTime":1562073142738,"version":12,"name":"AtlasGlossaryCategory","description":"AtlasGlossaryCategory","typeVersion":"1.2","serviceType":"atlas_core","attributeDefs":[{"name":"qualifiedName","typeName":"string","isOptional":false,"cardinality":"SINGLE","valuesMinCount":1,"valuesMaxCount":1,"isUnique":true,"isIndexable":true,"includeInNotification":false},{"name":"name","typeName":"string","isOptional":false,"cardinality":"SINGLE","valuesMinCount":1,"valuesMaxCount":1,"isUnique":false,"isIndexable":true,"includeInNotification":false},{"name":"shortDescription","typeName":"string","isOptional":true,"cardinality":"SINGLE","valuesMinCount":0,"valuesMaxCount":1,"isUnique":false,"isIndexable":false,"includeInNotification":false},{"name":"longDescription","typeName":"string","isOptional":true,"cardinality":"SINGLE","valuesMinCount":0,"valuesMaxCount":1,"isUnique":false,"isIndexable":false,"includeInNotification":false}],"superTypes":["Referenceable","__internal"],"subTypes":[],"relationshipAttributeDefs":[{"name":"relatedFromObjectAnnotations","typeName":"array<Referenceable>","isOptional":true,"cardinality":"SET","valuesMinCount":-1,"valuesMaxCount":-1,"isUnique":false,"isIndexable":false,"includeInNotification":false,"relationshipTypeName":"RelationshipAnnotation","isLegacyAttribute":false},{"name":"resourceListAnchors","typeName":"array<Referenceable>","isOptional":true,"cardinality":"SET","valuesMinCount":-1,"valuesMaxCount":-1,"isUnique":false,"isIndexable":false,"includeInNotification":false,"relationshipTypeName":"ResourceList","isLegacyAttribute":false},{"name":"terms","typeName":"array<AtlasGlossaryTerm>","isOptional":true,"cardinality":"SET","valuesMinCount":-1,"valuesMaxCount":-1,"isUnique":false,"isIndexable":false,"includeInNotification":false,"relationshipTypeName":"AtlasGlossaryTermCategorization","isLegacyAttribute":false},{"name":"relatedToObjectAnnotations","typeName":"Referenceable","isOptional":true,"cardinality":"SINGLE","valuesMinCount":-1,"valuesMaxCount":-1,"isUnique":false,"isIndexable":false,"includeInNotification":false,"relationshipTypeName":"RelationshipAnnotation","isLegacyAttribute":false},{"name":"anchor","typeName":"AtlasGlossary","isOptional":false,"cardinality":"SINGLE","valuesMinCount":-1,"valuesMaxCount":-1,"isUnique":false,"isIndexable":false,"includeInNotification":false,"relationshipTypeName":"AtlasGlossaryCategoryAnchor","isLegacyAttribute":false},{"name":"parentCategory","typeName":"AtlasGlossaryCategory","isOptional":true,"cardinality":"SINGLE","valuesMinCount":-1,"valuesMaxCount":-1,"isUnique":false,"isIndexable":false,"includeInNotification":false,"relationshipTypeName":"AtlasGlossaryCategoryHierarchyLink","isLegacyAttribute":false},{"name":"supportingResources","typeName":"array<Referenceable>","isOptional":true,"cardinality":"SET","valuesMinCount":-1,"valuesMaxCount":-1,"isUnique":false,"isIndexable":false,"includeInNotification":false,"relationshipTypeName":"ResourceList","isLegacyAttribute":false},{"name":"childrenCategories","typeName":"array<AtlasGlossaryCategory>","isOptional":true,"cardinality":"SET","valuesMinCount":-1,"valuesMaxCount":-1,"isUnique":false,"isIndexable":false,"includeInNotification":false,"relationshipTypeName":"AtlasGlossaryCategoryHierarchyLink","isLegacyAttribute":false},{"name":"meanings","typeName":"array<AtlasGlossaryTerm>","isOptional":true,"cardinality":"SET","valuesMinCount":-1,"valuesMaxCount":-1,"isUnique":false,"isIndexable":false,"includeInNotification":false,"relationshipTypeName":"AtlasGlossarySemanticAssignment","isLegacyAttribute":false}]}],"relationshipDefs":[{"category":"RELATIONSHIP","guid":"2dc524d2-e29f-4186-9081-72ea956c75de","createdBy":"admin","updatedBy":"admin","createTime":1516313040008,"updateTime":1562073155260,"version":1,"name":"UsedInContext","description":"Link between glossary terms where on describes the context where the other one is valid to use.","typeVersion":"1.0","serviceType":"omrs","attributeDefs":[{"name":"description","typeName":"string","isOptional":true,"cardinality":"SINGLE","valuesMinCount":0,"valuesMaxCount":1,"isUnique":false,"isIndexable":true,"includeInNotification":true,"description":"Description of the relationship."},{"name":"expression","typeName":"string","isOptional":true,"cardinality":"SINGLE","valuesMinCount":0,"valuesMaxCount":1,"isUnique":false,"isIndexable":true,"includeInNotification":true,"description":"An expression that explains the relationship."},{"name":"status","typeName":"AtlasGlossaryTermRelationshipStatus","isOptional":true,"cardinality":"SINGLE","valuesMinCount":0,"valuesMaxCount":1,"isUnique":false,"isIndexable":true,"includeInNotification":true,"description":"The status of or confidence in the relationship."},{"name":"steward","typeName":"string","isOptional":true,"cardinality":"SINGLE","valuesMinCount":0,"valuesMaxCount":1,"isUnique":false,"isIndexable":true,"includeInNotification":true,"description":"Person responsible for the relationship."},{"name":"source","typeName":"string","isOptional":true,"cardinality":"SINGLE","valuesMinCount":0,"valuesMaxCount":1,"isUnique":false,"isIndexable":true,"includeInNotification":true,"description":"Person, organization or automated process that created the relationship."}],"relationshipCategory":"ASSOCIATION","propagateTags":"NONE","endDef1":{"type":"AtlasGlossaryTerm","name":"usedInContexts","isContainer":false,"cardinality":"SET","isLegacyAttribute":false,"description":"Glossary terms describing the contexts where this term is used."},"endDef2":{"type":"AtlasGlossaryTerm","name":"contextRelevantTerms","isContainer":false,"cardinality":"SET","isLegacyAttribute":false,"description":"Glossary terms used in this specific context."}},{"category":"RELATIONSHIP","guid":"d5d588c3-46c9-420c-adff-6031802a7e51","createdBy":"admin","updatedBy":"admin","createTime":1516313040008,"updateTime":1562073156715,"version":1,"name":"TermISATypeOFRelationship","description":"Defines an inheritance relationship between two spine objects.","typeVersion":"1.0","serviceType":"omrs","attributeDefs":[{"name":"description","typeName":"string","isOptional":true,"cardinality":"SINGLE","valuesMinCount":0,"valuesMaxCount":1,"isUnique":false,"isIndexable":true,"includeInNotification":true,"description":"Description of the relationship."},{"name":"status","typeName":"AtlasGlossaryTermRelationshipStatus","isOptional":true,"cardinality":"SINGLE","valuesMinCount":0,"valuesMaxCount":1,"isUnique":false,"isIndexable":true,"includeInNotification":true,"description":"The status of or confidence in the relationship."},{"name":"steward","typeName":"string","isOptional":true,"cardinality":"SINGLE","valuesMinCount":0,"valuesMaxCount":1,"isUnique":false,"isIndexable":true,"includeInNotification":true,"description":"Person responsible for the relationship."},{"name":"source","typeName":"string","isOptional":true,"cardinality":"SINGLE","valuesMinCount":0,"valuesMaxCount":1,"isUnique":false,"isIndexable":true,"includeInNotification":true,"description":"Person, organization or automated process that created the relationship."}],"relationshipCategory":"ASSOCIATION","propagateTags":"NONE","endDef1":{"type":"AtlasGlossaryTerm","name":"subtypes","isContainer":false,"cardinality":"SET","isLegacyAttribute":false,"description":"Subtypes for this object."},"endDef2":{"type":"AtlasGlossaryTerm","name":"supertypes","isContainer":false,"cardinality":"SET","isLegacyAttribute":false,"description":"Supertypes for this object."}},{"category":"RELATIONSHIP","guid":"7b2bd141-e694-4d9c-9f7b-7cf5e4f5adf0","createdBy":"atlas","updatedBy":"atlas","createTime":1561996702438,"updateTime":1561996715933,"version":2,"name":"AtlasGlossaryTranslation","description":"Translation is a relationship that defines that the related terms represent the same meaning, but each are written in a different language. Hence one is a translation of the other. The language of each term is defined in the Glossary object that anchors the term.","typeVersion":"1.1","serviceType":"atlas_core","attributeDefs":[{"name":"description","typeName":"string","isOptional":true,"cardinality":"SINGLE","valuesMinCount":0,"valuesMaxCount":1,"isUnique":false,"isIndexable":true,"includeInNotification":false,"description":"The description field can be used to add details about the relationship."},{"name":"expression","typeName":"string","isOptional":true,"cardinality":"SINGLE","valuesMinCount":0,"valuesMaxCount":1,"isUnique":false,"isIndexable":true,"includeInNotification":false},{"name":"status","typeName":"AtlasGlossaryTermRelationshipStatus","isOptional":true,"cardinality":"SINGLE","valuesMinCount":0,"valuesMaxCount":1,"isUnique":false,"isIndexable":true,"includeInNotification":false},{"name":"steward","typeName":"string","isOptional":true,"cardinality":"SINGLE","valuesMinCount":0,"valuesMaxCount":1,"isUnique":false,"isIndexable":true,"includeInNotification":false,"description":"The steward is the person responsible for assessing the relationship and deciding if it should be approved or not"},{"name":"source","typeName":"string","isOptional":true,"cardinality":"SINGLE","valuesMinCount":0,"valuesMaxCount":1,"isUnique":false,"isIndexable":true,"includeInNotification":false}],"relationshipCategory":"ASSOCIATION","propagateTags":"NONE","endDef1":{"type":"AtlasGlossaryTerm","name":"translatedTerms","isContainer":false,"cardinality":"SET","isLegacyAttribute":false},"endDef2":{"type":"AtlasGlossaryTerm","name":"translationTerms","isContainer":false,"cardinality":"SET","isLegacyAttribute":false}},{"category":"RELATIONSHIP","guid":"249e8f43-7c20-48f5-bca0-5ebe301bb6c0","createdBy":"atlas","updatedBy":"atlas","createTime":1561996702194,"updateTime":1561996714650,"version":2,"name":"AtlasGlossaryCategoryHierarchyLink","description":"CategoryHierarchyLink is a relationship used to organize categories into a hierarchy to, for example, create a structure for a taxonomy. A category may have none or one super-categories. This super-category may be in a different glossary.","typeVersion":"1.1","serviceType":"atlas_core","attributeDefs":[],"relationshipCategory":"AGGREGATION","propagateTags":"NONE","endDef1":{"type":"AtlasGlossaryCategory","name":"childrenCategories","isContainer":true,"cardinality":"SET","isLegacyAttribute":false},"endDef2":{"type":"AtlasGlossaryCategory","name":"parentCategory","isContainer":false,"cardinality":"SINGLE","isLegacyAttribute":false}},{"category":"RELATIONSHIP","guid":"dd24a070-67c8-4818-999a-2c92596501a4","createdBy":"atlas","updatedBy":"atlas","createTime":1561996702136,"updateTime":1561996714184,"version":2,"name":"AtlasGlossaryTermAnchor","description":"TermAnchor links each term to exactly one Glossary object. This means that this is its home glossary. If the Glossary object is deleted, then so are all of the terms linked to it.","typeVersion":"1.1","serviceType":"atlas_core","attributeDefs":[],"relationshipCategory":"COMPOSITION","propagateTags":"NONE","endDef1":{"type":"AtlasGlossary","name":"terms","isContainer":true,"cardinality":"SET","isLegacyAttribute":false},"endDef2":{"type":"AtlasGlossaryTerm","name":"anchor","isContainer":false,"cardinality":"SINGLE","isLegacyAttribute":false}},{"category":"RELATIONSHIP","guid":"a8841f2c-404b-493d-9049-c956eefd8102","createdBy":"atlas","updatedBy":"atlas","createTime":1561996702178,"updateTime":1561996714487,"version":2,"name":"AtlasGlossaryCategoryAnchor","description":"CategoryAnchor links each category to exactly one Glossary object. This means that this is its home glossary. If the Glossary object is deleted then so are all of the categories linked to it.","typeVersion":"1.1","serviceType":"atlas_core","attributeDefs":[],"relationshipCategory":"COMPOSITION","propagateTags":"NONE","endDef1":{"type":"AtlasGlossary","name":"categories","isContainer":true,"cardinality":"SET","isLegacyAttribute":false},"endDef2":{"type":"AtlasGlossaryCategory","name":"anchor","isContainer":false,"cardinality":"SINGLE","isLegacyAttribute":false}},{"category":"RELATIONSHIP","guid":"748960ea-5cc9-4283-a51f-8c936ce084b0","createdBy":"atlas","updatedBy":"atlas","createTime":1561996702540,"updateTime":1561996716506,"version":2,"name":"AtlasGlossaryValidValue","description":"ValidValue is a relationship that shows the validValue term represents one of the valid values that could be assigned to a data item that has the meaning described in the validValueFor term.","typeVersion":"1.1","serviceType":"atlas_core","attributeDefs":[{"name":"description","typeName":"string","isOptional":true,"cardinality":"SINGLE","valuesMinCount":0,"valuesMaxCount":1,"isUnique":false,"isIndexable":true,"includeInNotification":false,"description":"The description field can be used to add details about the relationship."},{"name":"expression","typeName":"string","isOptional":true,"cardinality":"SINGLE","valuesMinCount":0,"valuesMaxCount":1,"isUnique":false,"isIndexable":true,"includeInNotification":false},{"name":"status","typeName":"AtlasGlossaryTermRelationshipStatus","isOptional":true,"cardinality":"SINGLE","valuesMinCount":0,"valuesMaxCount":1,"isUnique":false,"isIndexable":true,"includeInNotification":false},{"name":"steward","typeName":"string","isOptional":true,"cardinality":"SINGLE","valuesMinCount":0,"valuesMaxCount":1,"isUnique":false,"isIndexable":true,"includeInNotification":false,"description":"The steward is the person responsible for assessing the relationship and deciding if it should be approved or not."},{"name":"source","typeName":"string","isOptional":true,"cardinality":"SINGLE","valuesMinCount":0,"valuesMaxCount":1,"isUnique":false,"isIndexable":true,"includeInNotification":false}],"relationshipCategory":"ASSOCIATION","propagateTags":"NONE","endDef1":{"type":"AtlasGlossaryTerm","name":"validValuesFor","isContainer":false,"cardinality":"SET","isLegacyAttribute":false},"endDef2":{"type":"AtlasGlossaryTerm","name":"validValues","isContainer":false,"cardinality":"SET","isLegacyAttribute":false}},{"category":"RELATIONSHIP","guid":"669e8aa4-c671-4ee7-8d03-f37d09b9d006","createdBy":"admin","updatedBy":"admin","createTime":1516313040008,"updateTime":1562073157328,"version":1,"name":"TermTYPEDBYRelationship","description":"Defines the relationship between a spine attribute and its type.","typeVersion":"1.0","serviceType":"omrs","attributeDefs":[{"name":"description","typeName":"string","isOptional":true,"cardinality":"SINGLE","valuesMinCount":0,"valuesMaxCount":1,"isUnique":false,"isIndexable":true,"includeInNotification":true,"description":"Description of the relationship."},{"name":"status","typeName":"AtlasGlossaryTermRelationshipStatus","isOptional":true,"cardinality":"SINGLE","valuesMinCount":0,"valuesMaxCount":1,"isUnique":false,"isIndexable":true,"includeInNotification":true,"description":"The status of or confidence in the relationship."},{"name":"steward","typeName":"string","isOptional":true,"cardinality":"SINGLE","valuesMinCount":0,"valuesMaxCount":1,"isUnique":false,"isIndexable":true,"includeInNotification":true,"description":"Person responsible for the relationship."},{"name":"source","typeName":"string","isOptional":true,"cardinality":"SINGLE","valuesMinCount":0,"valuesMaxCount":1,"isUnique":false,"isIndexable":true,"includeInNotification":true,"description":"Person, organization or automated process that created the relationship."}],"relationshipCategory":"ASSOCIATION","propagateTags":"NONE","endDef1":{"type":"AtlasGlossaryTerm","name":"types","isContainer":false,"cardinality":"SET","isLegacyAttribute":false,"description":"Types for this attribute."},"endDef2":{"type":"AtlasGlossaryTerm","name":"attributesTypedBy","isContainer":false,"cardinality":"SET","isLegacyAttribute":false,"description":"Attributes of this type."}},{"category":"RELATIONSHIP","guid":"cd6cc8e0-3489-4385-99f6-7b886c7ba3f2","createdBy":"atlas","updatedBy":"atlas","createTime":1561996702319,"updateTime":1561996715174,"version":2,"name":"AtlasGlossaryAntonym","description":"Antonym is a relationship between glossary terms that have the opposite (or near opposite) meaning, in the same language. Notice that both ends of this relationship have the same name and refer to the same type; this results in one Antonym attribute being added to GlossaryTerm.","typeVersion":"1.1","serviceType":"atlas_core","attributeDefs":[{"name":"description","typeName":"string","isOptional":true,"cardinality":"SINGLE","valuesMinCount":0,"valuesMaxCount":1,"isUnique":false,"isIndexable":true,"includeInNotification":false,"description":"The description field can be used to add details about the relationship."},{"name":"expression","typeName":"string","isOptional":true,"cardinality":"SINGLE","valuesMinCount":0,"valuesMaxCount":1,"isUnique":false,"isIndexable":true,"includeInNotification":false},{"name":"status","typeName":"AtlasGlossaryTermRelationshipStatus","isOptional":true,"cardinality":"SINGLE","valuesMinCount":0,"valuesMaxCount":1,"isUnique":false,"isIndexable":true,"includeInNotification":false},{"name":"steward","typeName":"string","isOptional":true,"cardinality":"SINGLE","valuesMinCount":0,"valuesMaxCount":1,"isUnique":false,"isIndexable":true,"includeInNotification":false,"description":"The steward is the person responsible for assessing the relationship and deciding if it should be approved or not."},{"name":"source","typeName":"string","isOptional":true,"cardinality":"SINGLE","valuesMinCount":0,"valuesMaxCount":1,"isUnique":false,"isIndexable":true,"includeInNotification":false}],"relationshipCategory":"ASSOCIATION","propagateTags":"NONE","endDef1":{"type":"AtlasGlossaryTerm","name":"antonyms","isContainer":false,"cardinality":"SET","isLegacyAttribute":false},"endDef2":{"type":"AtlasGlossaryTerm","name":"antonyms","isContainer":false,"cardinality":"SET","isLegacyAttribute":false}},{"category":"RELATIONSHIP","guid":"2eaae88b-13dc-4e65-a072-940818a9d180","createdBy":"atlas","updatedBy":"atlas","createTime":1561996702357,"updateTime":1561996715381,"version":2,"name":"AtlasGlossaryPreferredTerm","description":"PreferredTerm is a relationship that indicates that the preferredTerm should be used in place of the preferredToTerm. This relationship can be used to encourage adoption of newer vocabularies. This is a weaker version of ReplacementTerm.","typeVersion":"1.1","serviceType":"atlas_core","attributeDefs":[{"name":"description","typeName":"string","isOptional":true,"cardinality":"SINGLE","valuesMinCount":0,"valuesMaxCount":1,"isUnique":false,"isIndexable":true,"includeInNotification":false,"description":"The description field can be used to add details about the relationship."},{"name":"expression","typeName":"string","isOptional":true,"cardinality":"SINGLE","valuesMinCount":0,"valuesMaxCount":1,"isUnique":false,"isIndexable":true,"includeInNotification":false},{"name":"status","typeName":"AtlasGlossaryTermRelationshipStatus","isOptional":true,"cardinality":"SINGLE","valuesMinCount":0,"valuesMaxCount":1,"isUnique":false,"isIndexable":true,"includeInNotification":false},{"name":"steward","typeName":"string","isOptional":true,"cardinality":"SINGLE","valuesMinCount":0,"valuesMaxCount":1,"isUnique":false,"isIndexable":true,"includeInNotification":false,"description":"The steward is the person responsible for assessing the relationship and deciding if it should be approved or not."},{"name":"source","typeName":"string","isOptional":true,"cardinality":"SINGLE","valuesMinCount":0,"valuesMaxCount":1,"isUnique":false,"isIndexable":true,"includeInNotification":false}],"relationshipCategory":"ASSOCIATION","propagateTags":"NONE","endDef1":{"type":"AtlasGlossaryTerm","name":"preferredTerms","isContainer":false,"cardinality":"SET","isLegacyAttribute":false},"endDef2":{"type":"AtlasGlossaryTerm","name":"preferredToTerms","isContainer":false,"cardinality":"SET","isLegacyAttribute":false}},{"category":"RELATIONSHIP","guid":"990effff-bb9f-4b69-8598-ba0e32743fd4","createdBy":"atlas","updatedBy":"atlas","createTime":1561996702283,"updateTime":1561996715003,"version":2,"name":"AtlasGlossarySynonym","description":"Synonym is a relationship between glossary terms that have the same, or a very similar meaning in the same language. Notice that both ends of this relationship have the same name and refer to the same type; this results in one Synonym attribute being added to GlossaryTerm.","typeVersion":"1.1","serviceType":"atlas_core","attributeDefs":[{"name":"description","typeName":"string","isOptional":true,"cardinality":"SINGLE","valuesMinCount":0,"valuesMaxCount":1,"isUnique":false,"isIndexable":true,"includeInNotification":false,"description":"The description field can be used to add details about the relationship."},{"name":"expression","typeName":"string","isOptional":true,"cardinality":"SINGLE","valuesMinCount":0,"valuesMaxCount":1,"isUnique":false,"isIndexable":true,"includeInNotification":false},{"name":"status","typeName":"AtlasGlossaryTermRelationshipStatus","isOptional":true,"cardinality":"SINGLE","valuesMinCount":0,"valuesMaxCount":1,"isUnique":false,"isIndexable":true,"includeInNotification":false},{"name":"steward","typeName":"string","isOptional":true,"cardinality":"SINGLE","valuesMinCount":0,"valuesMaxCount":1,"isUnique":false,"isIndexable":true,"includeInNotification":false,"description":"The steward is the person responsible for assessing the relationship and deciding if it should be approved or not."},{"name":"source","typeName":"string","isOptional":true,"cardinality":"SINGLE","valuesMinCount":0,"valuesMaxCount":1,"isUnique":false,"isIndexable":true,"includeInNotification":false}],"relationshipCategory":"ASSOCIATION","propagateTags":"NONE","endDef1":{"type":"AtlasGlossaryTerm","name":"synonyms","isContainer":false,"cardinality":"SET","isLegacyAttribute":false},"endDef2":{"type":"AtlasGlossaryTerm","name":"synonyms","isContainer":false,"cardinality":"SET","isLegacyAttribute":false}},{"category":"RELATIONSHIP","guid":"73cf5658-6a73-4ebc-8f4d-44fdfac0b437","createdBy":"admin","updatedBy":"admin","createTime":1516313040008,"updateTime":1562073153302,"version":1,"name":"ResourceList","description":"Links supporting resources to an anchor object (typically an Actor Profile, Project, Meeting or Community).","typeVersion":"1.0","serviceType":"omrs","attributeDefs":[{"name":"resourceUse","typeName":"string","isOptional":true,"cardinality":"SINGLE","valuesMinCount":0,"valuesMaxCount":1,"isUnique":false,"isIndexable":true,"includeInNotification":true,"description":"Description of how the resource is used, or why it is useful."},{"name":"watchResource","typeName":"boolean","isOptional":true,"cardinality":"SINGLE","valuesMinCount":0,"valuesMaxCount":1,"isUnique":false,"isIndexable":true,"includeInNotification":true,"description":"Indicator whether the anchor should receive notifications of changes to the resource."}],"relationshipCategory":"ASSOCIATION","propagateTags":"NONE","endDef1":{"type":"Referenceable","name":"supportingResources","isContainer":false,"cardinality":"SET","isLegacyAttribute":false,"description":"Resources identified as of interest to the anchor."},"endDef2":{"type":"Referenceable","name":"resourceListAnchors","isContainer":false,"cardinality":"SET","isLegacyAttribute":false,"description":"Referenceable objects that are using the linked to resource."}},{"category":"RELATIONSHIP","guid":"5f54e009-67c5-4296-8144-a0f09832a61c","createdBy":"atlas","updatedBy":"atlas","createTime":1561996702055,"updateTime":1561996713886,"version":2,"name":"AtlasGlossarySemanticAssignment","description":"SemanticAssignment is a relationship used to assign a term to a referenceable object. This means that the term describes the meaning of the referenceable object. The semantic assignment needs to be a controlled relationship when glossary definitions are used to provide classifications for the data assets and hence define how the data is to be governed.","typeVersion":"1.1","serviceType":"atlas_core","attributeDefs":[{"name":"description","typeName":"string","isOptional":true,"cardinality":"SINGLE","valuesMinCount":0,"valuesMaxCount":1,"isUnique":false,"isIndexable":true,"includeInNotification":false,"description":"The description field can be used to add details about the semantic assignment."},{"name":"expression","typeName":"string","isOptional":true,"cardinality":"SINGLE","valuesMinCount":0,"valuesMaxCount":1,"isUnique":false,"isIndexable":true,"includeInNotification":false},{"name":"status","typeName":"AtlasGlossaryTermRelationshipStatus","isOptional":true,"cardinality":"SINGLE","valuesMinCount":0,"valuesMaxCount":1,"isUnique":false,"isIndexable":true,"includeInNotification":false},{"name":"confidence","typeName":"int","isOptional":true,"cardinality":"SINGLE","valuesMinCount":0,"valuesMaxCount":1,"isUnique":false,"isIndexable":true,"includeInNotification":false,"description":"The confidence attribute in the semantic assignment stores the level of confidence (0-100%) in the correctness of the semantic assignment - it is typically used by discovery engines."},{"name":"createdBy","typeName":"string","isOptional":true,"cardinality":"SINGLE","valuesMinCount":0,"valuesMaxCount":1,"isUnique":false,"isIndexable":true,"includeInNotification":false,"description":"The semantic assignment is created by the user (person or engine) identified by the createdBy attribute."},{"name":"steward","typeName":"string","isOptional":true,"cardinality":"SINGLE","valuesMinCount":0,"valuesMaxCount":1,"isUnique":false,"isIndexable":true,"includeInNotification":false,"description":"The steward is the person responsible for assessing the semantic assignment and deciding if it should be approved or not."},{"name":"source","typeName":"string","isOptional":true,"cardinality":"SINGLE","valuesMinCount":0,"valuesMaxCount":1,"isUnique":false,"isIndexable":true,"includeInNotification":false}],"relationshipCategory":"ASSOCIATION","propagateTags":"ONE_TO_TWO","endDef1":{"type":"AtlasGlossaryTerm","name":"assignedEntities","isContainer":false,"cardinality":"SET","isLegacyAttribute":false},"endDef2":{"type":"Referenceable","name":"meanings","isContainer":false,"cardinality":"SET","isLegacyAttribute":false}},{"category":"RELATIONSHIP","guid":"472a402a-1bf7-4fa6-ba98-1b8fcb46a1cf","createdBy":"atlas","updatedBy":"atlas","createTime":1561996702397,"updateTime":1561996715684,"version":2,"name":"AtlasGlossaryReplacementTerm","description":"ReplacementTerm is a relationship that indicates that the replacementTerm must be used instead of the replacedByTerm. This is stronger version of the PreferredTerm.","typeVersion":"1.1","serviceType":"atlas_core","attributeDefs":[{"name":"description","typeName":"string","isOptional":true,"cardinality":"SINGLE","valuesMinCount":0,"valuesMaxCount":1,"isUnique":false,"isIndexable":true,"includeInNotification":false,"description":"The description field can be used to add details about the relationship."},{"name":"expression","typeName":"string","isOptional":true,"cardinality":"SINGLE","valuesMinCount":0,"valuesMaxCount":1,"isUnique":false,"isIndexable":true,"includeInNotification":false},{"name":"status","typeName":"AtlasGlossaryTermRelationshipStatus","isOptional":true,"cardinality":"SINGLE","valuesMinCount":0,"valuesMaxCount":1,"isUnique":false,"isIndexable":true,"includeInNotification":false},{"name":"steward","typeName":"string","isOptional":true,"cardinality":"SINGLE","valuesMinCount":0,"valuesMaxCount":1,"isUnique":false,"isIndexable":true,"includeInNotification":false,"description":"The steward is the person responsible for assessing the relationship and deciding if it should be approved or not"},{"name":"source","typeName":"string","isOptional":true,"cardinality":"SINGLE","valuesMinCount":0,"valuesMaxCount":1,"isUnique":false,"isIndexable":true,"includeInNotification":false}],"relationshipCategory":"ASSOCIATION","propagateTags":"NONE","endDef1":{"type":"AtlasGlossaryTerm","name":"replacedBy","isContainer":false,"cardinality":"SET","isLegacyAttribute":false},"endDef2":{"type":"AtlasGlossaryTerm","name":"replacementTerms","isContainer":false,"cardinality":"SET","isLegacyAttribute":false}},{"category":"RELATIONSHIP","guid":"65554c93-0af2-4a26-a241-73ad87749b66","createdBy":"atlas","updatedBy":"atlas","createTime":1561996702508,"updateTime":1561996716273,"version":2,"name":"AtlasGlossaryIsARelationship","description":"IsA is a relationship that defines that the 'isA' term is a more generic term than the 'isOf' term. For example, this relationship would be use to say that 'Cat' ISA 'Animal'.","typeVersion":"1.1","serviceType":"atlas_core","attributeDefs":[{"name":"description","typeName":"string","isOptional":true,"cardinality":"SINGLE","valuesMinCount":0,"valuesMaxCount":1,"isUnique":false,"isIndexable":true,"includeInNotification":false,"description":"The description field can be used to add details about the relationship."},{"name":"expression","typeName":"string","isOptional":true,"cardinality":"SINGLE","valuesMinCount":0,"valuesMaxCount":1,"isUnique":false,"isIndexable":true,"includeInNotification":false},{"name":"status","typeName":"AtlasGlossaryTermRelationshipStatus","isOptional":true,"cardinality":"SINGLE","valuesMinCount":0,"valuesMaxCount":1,"isUnique":false,"isIndexable":true,"includeInNotification":false},{"name":"steward","typeName":"string","isOptional":true,"cardinality":"SINGLE","valuesMinCount":0,"valuesMaxCount":1,"isUnique":false,"isIndexable":true,"includeInNotification":false,"description":"The steward is the person responsible for assessing the relationship and deciding if it should be approved or not."},{"name":"source","typeName":"string","isOptional":true,"cardinality":"SINGLE","valuesMinCount":0,"valuesMaxCount":1,"isUnique":false,"isIndexable":true,"includeInNotification":false}],"relationshipCategory":"ASSOCIATION","propagateTags":"NONE","endDef1":{"type":"AtlasGlossaryTerm","name":"classifies","isContainer":false,"cardinality":"SET","isLegacyAttribute":false},"endDef2":{"type":"AtlasGlossaryTerm","name":"isA","isContainer":false,"cardinality":"SET","isLegacyAttribute":false}},{"category":"RELATIONSHIP","guid":"fc475dd2-3076-444d-b721-7ef6a3cb95ac","createdBy":"atlas","updatedBy":"atlas","createTime":1561996702213,"updateTime":1561996714823,"version":2,"name":"AtlasGlossaryRelatedTerm","description":"RelatedTerm is a relationship used to say that the linked glossary term may also be of interest. It is like a 'see also' link in a dictionary.","typeVersion":"1.1","serviceType":"atlas_core","attributeDefs":[{"name":"description","typeName":"string","isOptional":true,"cardinality":"SINGLE","valuesMinCount":0,"valuesMaxCount":1,"isUnique":false,"isIndexable":true,"includeInNotification":false,"description":"The description field can be used to explain why the linked term is of interest."},{"name":"expression","typeName":"string","isOptional":true,"cardinality":"SINGLE","valuesMinCount":0,"valuesMaxCount":1,"isUnique":false,"isIndexable":true,"includeInNotification":false},{"name":"status","typeName":"AtlasGlossaryTermRelationshipStatus","isOptional":true,"cardinality":"SINGLE","valuesMinCount":0,"valuesMaxCount":1,"isUnique":false,"isIndexable":true,"includeInNotification":false},{"name":"steward","typeName":"string","isOptional":true,"cardinality":"SINGLE","valuesMinCount":0,"valuesMaxCount":1,"isUnique":false,"isIndexable":true,"includeInNotification":false,"description":"The steward is the person responsible for assessing the relationship and deciding if it should be approved or not"},{"name":"source","typeName":"string","isOptional":true,"cardinality":"SINGLE","valuesMinCount":0,"valuesMaxCount":1,"isUnique":false,"isIndexable":true,"includeInNotification":false}],"relationshipCategory":"ASSOCIATION","propagateTags":"NONE","endDef1":{"type":"AtlasGlossaryTerm","name":"seeAlso","isContainer":false,"cardinality":"SET","isLegacyAttribute":false},"endDef2":{"type":"AtlasGlossaryTerm","name":"seeAlso","isContainer":false,"cardinality":"SET","isLegacyAttribute":false}},{"category":"RELATIONSHIP","guid":"73510abd-49e6-4097-ba4b-23bd3ef15baa","createdBy":"admin","updatedBy":"admin","createTime":1516313040008,"updateTime":1562073159670,"version":1,"name":"RelationshipAnnotation","description":"Annotation relating two referenceables.","typeVersion":"1.0","serviceType":"omrs","attributeDefs":[{"name":"annotationType","typeName":"string","isOptional":true,"cardinality":"SINGLE","valuesMinCount":0,"valuesMaxCount":1,"isUnique":false,"isIndexable":true,"includeInNotification":true,"description":"Name of the type of annotation."},{"name":"summary","typeName":"string","isOptional":true,"cardinality":"SINGLE","valuesMinCount":0,"valuesMaxCount":1,"isUnique":false,"isIndexable":true,"includeInNotification":true,"description":"Description of the findings."},{"name":"confidenceLevel","typeName":"int","isOptional":true,"cardinality":"SINGLE","valuesMinCount":0,"valuesMaxCount":1,"isUnique":false,"isIndexable":true,"includeInNotification":true,"description":"Level of certainty in the accuracy of the results."},{"name":"expression","typeName":"string","isOptional":true,"cardinality":"SINGLE","valuesMinCount":0,"valuesMaxCount":1,"isUnique":false,"isIndexable":true,"includeInNotification":true,"description":"Expression used to create the annotation."},{"name":"explanation","typeName":"string","isOptional":true,"cardinality":"SINGLE","valuesMinCount":0,"valuesMaxCount":1,"isUnique":false,"isIndexable":true,"includeInNotification":true,"description":"Explanation of the analysis."},{"name":"analysisStep","typeName":"string","isOptional":true,"cardinality":"SINGLE","valuesMinCount":0,"valuesMaxCount":1,"isUnique":false,"isIndexable":true,"includeInNotification":true,"description":"The step in the pipeline that produced the annotation."},{"name":"jsonProperties","typeName":"string","isOptional":true,"cardinality":"SINGLE","valuesMinCount":0,"valuesMaxCount":1,"isUnique":false,"isIndexable":true,"includeInNotification":true,"description":"Additional properties used in the specification."},{"name":"additionalProperties","typeName":"map<string,string>","isOptional":true,"cardinality":"SINGLE","valuesMinCount":0,"valuesMaxCount":1,"isUnique":false,"isIndexable":true,"includeInNotification":true,"description":"Additional properties discovered during the analysis."},{"name":"annotationStatus","typeName":"AnnotationStatus","isOptional":true,"cardinality":"SINGLE","valuesMinCount":0,"valuesMaxCount":1,"isUnique":false,"isIndexable":true,"includeInNotification":true,"description":"Status of the processing as a result of the annotation."}],"relationshipCategory":"AGGREGATION","propagateTags":"NONE","endDef1":{"type":"Referenceable","name":"relatedToObjectAnnotations","isContainer":true,"cardinality":"SINGLE","isLegacyAttribute":false,"description":"The referenceables linked to."},"endDef2":{"type":"Referenceable","name":"relatedFromObjectAnnotations","isContainer":false,"cardinality":"SET","isLegacyAttribute":false,"description":"The referenceables linked from."}},{"category":"RELATIONSHIP","guid":"d67f16d1-5348-419e-ba38-b0bb6fe4ad6c","createdBy":"admin","updatedBy":"admin","createTime":1516313040008,"updateTime":1562073156097,"version":1,"name":"TermHASARelationship","description":"Defines the relationship between a spine object and a spine attribute.","typeVersion":"1.0","serviceType":"omrs","attributeDefs":[{"name":"description","typeName":"string","isOptional":true,"cardinality":"SINGLE","valuesMinCount":0,"valuesMaxCount":1,"isUnique":false,"isIndexable":true,"includeInNotification":true,"description":"Description of the relationship."},{"name":"status","typeName":"AtlasGlossaryTermRelationshipStatus","isOptional":true,"cardinality":"SINGLE","valuesMinCount":0,"valuesMaxCount":1,"isUnique":false,"isIndexable":true,"includeInNotification":true,"description":"The status of or confidence in the relationship."},{"name":"steward","typeName":"string","isOptional":true,"cardinality":"SINGLE","valuesMinCount":0,"valuesMaxCount":1,"isUnique":false,"isIndexable":true,"includeInNotification":true,"description":"Person responsible for the relationship."},{"name":"source","typeName":"string","isOptional":true,"cardinality":"SINGLE","valuesMinCount":0,"valuesMaxCount":1,"isUnique":false,"isIndexable":true,"includeInNotification":true,"description":"Person, organization or automated process that created the relationship."}],"relationshipCategory":"ASSOCIATION","propagateTags":"NONE","endDef1":{"type":"AtlasGlossaryTerm","name":"attributes","isContainer":false,"cardinality":"SET","isLegacyAttribute":false,"description":"Typical attributes for this object."},"endDef2":{"type":"AtlasGlossaryTerm","name":"objects","isContainer":false,"cardinality":"SET","isLegacyAttribute":false,"description":"Objects where this attribute may occur."}},{"category":"RELATIONSHIP","guid":"8f66c1f2-c5c5-43ed-ac9f-b1a53d74448c","createdBy":"atlas","updatedBy":"atlas","createTime":1561996702154,"updateTime":1561996714330,"version":2,"name":"AtlasGlossaryTermCategorization","description":"TermCategorization is a relationship used to organize terms into categories. A term may be linked with many categories and a category may have many terms linked to it. This relationship may connect terms and categories both in the same glossary or in different glossaries.","typeVersion":"1.1","serviceType":"atlas_core","attributeDefs":[{"name":"description","typeName":"string","isOptional":true,"cardinality":"SINGLE","valuesMinCount":0,"valuesMaxCount":1,"isUnique":false,"isIndexable":true,"includeInNotification":false},{"name":"status","typeName":"AtlasGlossaryTermRelationshipStatus","isOptional":true,"cardinality":"SINGLE","valuesMinCount":0,"valuesMaxCount":1,"isUnique":false,"isIndexable":true,"includeInNotification":false}],"relationshipCategory":"AGGREGATION","propagateTags":"NONE","endDef1":{"type":"AtlasGlossaryCategory","name":"terms","isContainer":true,"cardinality":"SET","isLegacyAttribute":false},"endDef2":{"type":"AtlasGlossaryTerm","name":"categories","isContainer":false,"cardinality":"SET","isLegacyAttribute":false}}]}